,File Name,Flight Number,Departure Airport,Arrival Airport,Aircraft Registration,Scheduled Time of Departure,Flight Date
0,202502131723352337212.xml,HA1641,SMF,CVG,N5827K,17:45:00Z,2025-02-13
1,202502132107282338535.xml,HA249,OGG,LIH,N476HA,23:35:00Z,2025-02-13
2,202502131316282335985.xml,HA21,SEA,HNL,N396HA,15:00:00Z,2025-02-13
3,202502130036102333221.xml,HA261,ITO,HNL,N490HA,01:45:00Z,2025-02-13
4,202502131911532337868.xml,HA339,KOA,OGG,N489HA,20:21:00Z,2025-02-13
5,202502132332422339709.xml,HA48,HNL,OAK,N226HA,22:55:00Z,2025-02-13
6,202502131915412337887.xml,HA181,ITO,HNL,N476HA,20:25:00Z,2025-02-13
7,202502131716212337182.xml,HA178,HNL,KOA,N488HA,18:25:00Z,2025-02-13
8,202502132326032339654.xml,HA343,HNL,LIH,N484HA,00:35:00Z,2025-02-14
9,202502130115442333458.xml,HA374,LIH,HNL,N478HA,03:35:00Z,2025-02-13
10,202502132351172339865.xml,HA5,LAS,HNL,N393HA,01:30:00Z,2025-02-14
11,202502131602522336666.xml,HA142,HNL,ITO,N493HA,17:12:00Z,2025-02-13
12,202502132315462339568.xml,HA336,HNL,OGG,N495HA,00:25:00Z,2025-02-14
13,202502132027202338273.xml,HA52,HNL,PDX,N386HA,21:30:00Z,2025-02-13
14,202502132304502339464.xml,HA40,OGG,PDX,N204HA,00:10:00Z,2025-02-14
15,202502131620252336806.xml,HA6,HNL,LAS,N393HA,18:05:00Z,2025-02-13
16,202502131432182336226.xml,HA113,HNL,LIH,N492HA,15:36:00Z,2025-02-13
17,202502132115482338580.xml,HA66,LIH,SMF,N228HA,23:15:00Z,2025-02-13
18,202502131755562337452.xml,HA193,HNL,LIH,N480HA,19:05:00Z,2025-02-13
19,202502130339382334166.xml,HA534,LIH,HNL,N480HA,05:59:00Z,2025-02-13
20,202502130557052334835.xml,HA60,OGG,SMF,N228HA,02:20:00Z,2025-02-13
21,202502132152062338901.xml,HA295,OGG,HNL,N488HA,00:20:00Z,2025-02-14
22,202502132152062338903.xml,HA22,HNL,SEA,N382HA,23:35:00Z,2025-02-13
23,202502132107282338536.xml,HA276,HNL,OGG,N476HA,22:10:00Z,2025-02-13
24,202502132241002339290.xml,HA64,LIH,LAX,N227HA,00:50:00Z,2025-02-14
25,202502130022592333153.xml,HA57,SAN,OGG,N228HA,18:50:00Z,2025-02-12
26,202502132001112338114.xml,HA253,HNL,LIH,N493HA,21:10:00Z,2025-02-13
27,202502131517312336455.xml,HA3,LAX,HNL,N780HA,17:15:00Z,2025-02-13
28,202502131716212337181.xml,HA129,KOA,LIH,N488HA,19:45:00Z,2025-02-13
29,202502131503182336381.xml,HA71,LGB,OGG,N216HA,16:55:00Z,2025-02-13
30,202502132105232338524.xml,HA207,KOA,HNL,N485HA,21:50:00Z,2025-02-13
31,202502131836342337690.xml,HA171,ITO,HNL,N495HA,19:46:00Z,2025-02-13
32,202502132252382339369.xml,HA549,OGG,LIH,N493HA,00:45:00Z,2025-02-14
33,202502131602522336665.xml,HA175,OGG,HNL,N493HA,19:50:00Z,2025-02-13
34,202502130249562333936.xml,HA517,KOA,HNL,N484HA,05:19:00Z,2025-02-13
35,202502131632362336858.xml,HA1641,SMF,CVG,N5827K,17:45:00Z,2025-02-13
36,202502130130452333552.xml,HA281,ITO,HNL,N495HA,02:40:00Z,2025-02-13
37,202502131755562337451.xml,HA240,LIH,OGG,N480HA,20:17:00Z,2025-02-13
38,202502130411542334295.xml,HA96,HNL,SLC,N220HA,06:05:00Z,2025-02-13
39,202502131452582336324.xml,HA47,OAK,HNL,N205HA,16:20:00Z,2025-02-13
40,202502132152062338902.xml,HA286,HNL,OGG,N488HA,23:01:00Z,2025-02-13
41,202502132202562338991.xml,HA303,HNL,LIH,N492HA,23:12:00Z,2025-02-13
42,202502131725482337220.xml,HA219,ITO,OGG,N493HA,18:35:00Z,2025-02-13
43,202502130122112333507.xml,HA337,KOA,HNL,N484HA,02:31:00Z,2025-02-13
44,202502130005502333080.xml,HA281,ITO,HNL,N495HA,02:40:00Z,2025-02-13
45,202502132231102339228.xml,HA40,OGG,PDX,N204HA,00:10:00Z,2025-02-14
46,202502132035372338308.xml,HA149,OGG,LIH,N480HA,21:45:00Z,2025-02-13
47,202502132000582338103.xml,HA204,LIH,HNL,N488HA,21:10:00Z,2025-02-13
48,202502131651472336989.xml,HA195,OGG,HNL,N479HA,20:36:00Z,2025-02-13
49,202502130420552334348.xml,HA508,HNL,KOA,N478HA,03:59:00Z,2025-02-13
50,202502131650582336981.xml,HA163,HNL,LIH,N479HA,18:00:00Z,2025-02-13
51,202502132310342339526.xml,HA261,ITO,HNL,N489HA,01:45:00Z,2025-02-14
52,202502132123492338648.xml,HA274,LIH,HNL,N477HA,23:45:00Z,2025-02-13
53,202502132326032339653.xml,HA355,OGG,HNL,N484HA,03:10:00Z,2025-02-14
54,202502131650582336980.xml,HA166,HNL,OGG,N492HA,18:00:00Z,2025-02-13
55,202502132034342338300.xml,HA32,OGG,LAS,N213HA,21:50:00Z,2025-02-13
56,202502130257422333969.xml,HA1637,SBD,PDX,N5843K,05:57:00Z,2025-02-13
57,202502130335312334142.xml,HA391,ITO,HNL,N493HA,04:45:00Z,2025-02-13
58,202502131651472336988.xml,HA137,KOA,HNL,N478HA,18:00:00Z,2025-02-13
59,202502130005502333081.xml,HA352,HNL,ITO,N495HA,01:15:00Z,2025-02-13
60,202502131956012338079.xml,HA330,OGG,KOA,N491HA,23:45:00Z,2025-02-13
61,202502132334422339721.xml,HA1633,AFW,SMF,N5879K,01:30:00Z,2025-02-14
62,202502131525322336494.xml,HA29,SEA,OGG,N384HA,17:20:00Z,2025-02-13
63,202502131900362337803.xml,HA1623,SBD,HNL,N4621K,22:00:00Z,2025-02-13
64,202502132202562338992.xml,HA294,LIH,HNL,N492HA,00:25:00Z,2025-02-14
65,202502132213472339067.xml,HA298,HNL,KOA,N494HA,22:55:00Z,2025-02-13
66,202502130036092333220.xml,HA368,HNL,KOA,N489HA,01:45:00Z,2025-02-13
67,202502130220262333810.xml,HA367,KOA,HNL,N489HA,03:05:00Z,2025-02-13
68,202502132025472338255.xml,HA265,OGG,HNL,N484HA,22:55:00Z,2025-02-13
69,202502130020522333146.xml,HA345,OGG,HNL,N492HA,02:45:00Z,2025-02-13
70,202502131611532336740.xml,HA155,OGG,HNL,N477HA,18:35:00Z,2025-02-13
71,202502132252302339368.xml,HA334,LIH,HNL,N493HA,02:05:00Z,2025-02-14
72,202502131715382337174.xml,HA204,LIH,HNL,N488HA,21:10:00Z,2025-02-13
73,202502132105232338523.xml,HA238,HNL,KOA,N485HA,20:30:00Z,2025-02-13
74,202502131713022337158.xml,HA171,ITO,HNL,N495HA,19:46:00Z,2025-02-13
75,202502131713022337159.xml,HA152,HNL,ITO,N495HA,18:22:00Z,2025-02-13
76,202502131835472337688.xml,HA129,KOA,LIH,N488HA,19:45:00Z,2025-02-13
77,202502130455492334552.xml,HA561,ITO,HNL,N489HA,05:55:00Z,2025-02-13
78,202502130300492333996.xml,HA516,HNL,OGG,N492HA,04:10:00Z,2025-02-13
79,202502132042522338355.xml,HA70,HNL,LGB,N212HA,22:25:00Z,2025-02-13
80,202502131657162337033.xml,HA10,HNL,LAX,N374HA,17:55:00Z,2025-02-13
81,202502132022402338233.xml,HA46,OGG,SJC,N223HA,22:00:00Z,2025-02-13
82,202502131436262336241.xml,HA115,OGG,HNL,N479HA,16:45:00Z,2025-02-13
83,202502132355432339888.xml,HA335,OGG,HNL,N478HA,02:20:00Z,2025-02-14
84,202502131948472338034.xml,HA245,OGG,HNL,N487HA,22:25:00Z,2025-02-13
85,202502132230412339223.xml,HA1633,AFW,SMF,N5879K,01:30:00Z,2025-02-14
86,202502131851032337758.xml,HA232,HNL,ITO,N494HA,20:00:00Z,2025-02-13
87,202502132320422339623.xml,HA318,HNL,KOA,N485HA,23:45:00Z,2025-02-13
88,202502131225562335871.xml,HA1615,PDX,SBD,N4787K,15:00:00Z,2025-02-13
89,202502130301042334000.xml,HA387,KOA,HNL,N491HA,04:10:00Z,2025-02-13
90,202502130249402333933.xml,HA508,HNL,KOA,N484HA,03:59:00Z,2025-02-13
91,202502130917002335443.xml,HA452,SYD,HNL,N389HA,10:40:00Z,2025-02-13
92,202502130811552335326.xml,HA1650,HNL,SBD,N4621K,09:10:00Z,2025-02-13
93,202502131851032337759.xml,HA201,ITO,HNL,N494HA,21:29:00Z,2025-02-13
94,202502132230412339222.xml,HA251,ITO,HNL,N490HA,23:40:00Z,2025-02-13
95,202502132048482338389.xml,HA12,HNL,SFO,N380HA,22:35:00Z,2025-02-13
96,202502131521132336475.xml,HA133,HNL,LIH,N476HA,16:30:00Z,2025-02-13
97,202502131948472338035.xml,HA236,HNL,OGG,N487HA,20:58:00Z,2025-02-13
98,202502132335592339727.xml,HA549,OGG,LIH,N493HA,00:45:00Z,2025-02-14
99,202502131455502336340.xml,HA122,HNL,ITO,N489HA,16:05:00Z,2025-02-13
100,202502132023442338239.xml,HA451,HNL,SYD,N373HA,22:10:00Z,2025-02-13
101,202502132359502339914.xml,HA336,HNL,OGG,N480HA,00:25:00Z,2025-02-14
102,202502131907532337829.xml,HA240,LIH,OGG,N480HA,20:17:00Z,2025-02-13
103,202502131453162336327.xml,HA47,OAK,HNL,N205HA,16:20:00Z,2025-02-13
104,202502132040322338348.xml,HA207,KOA,HNL,N483HA,21:50:00Z,2025-02-13
105,202502132305212339476.xml,HA314,LIH,HNL,N483HA,01:30:00Z,2025-02-14
106,202502131745492337368.xml,HA239,KOA,OGG,N484HA,18:55:00Z,2025-02-13
107,202502131838052337696.xml,HA57,SAN,OAK,N230HA,18:50:00Z,2025-02-13
108,202502131753032337420.xml,HA230,OGG,KOA,N489HA,21:30:00Z,2025-02-13
109,202502130141202333622.xml,HA386,HNL,OGG,N488HA,02:50:00Z,2025-02-13
110,202502130058572333360.xml,HA18,HNL,LAS,N393HA,01:40:00Z,2025-02-13
111,202502132320422339620.xml,HA307,KOA,HNL,N485HA,01:20:00Z,2025-02-14
112,202502131225562335872.xml,HA35,PHX,HNL,N781HA,14:20:00Z,2025-02-13
113,202502131521402336483.xml,HA41,SFO,OGG,N204HA,17:15:00Z,2025-02-13
114,202502132316492339574.xml,HA34,OGG,LAX,N384HA,23:10:00Z,2025-02-13
115,202502130656172335049.xml,HA8,HNL,LAS,N399HA,09:15:00Z,2025-02-13
116,202502132225422339170.xml,HA249,OGG,LIH,N476HA,23:35:00Z,2025-02-13
117,202502130141202333623.xml,HA385,OGG,HNL,N488HA,04:02:00Z,2025-02-13
118,202502131753032337421.xml,HA257,KOA,HNL,N489HA,22:45:00Z,2025-02-13
119,202502132305212339477.xml,HA323,HNL,LIH,N483HA,00:00:00Z,2025-02-14
120,202502130104052333392.xml,HA50,HNL,JFK,N378HA,02:45:00Z,2025-02-13
121,202502132135432338736.xml,HA257,KOA,HNL,N489HA,22:45:00Z,2025-02-13
122,202502132359502339915.xml,HA325,OGG,HNL,N480HA,01:40:00Z,2025-02-14
123,202502130241472333888.xml,HA1627,CVG,JFK,N4649K,05:40:00Z,2025-02-13
124,202502131436572336244.xml,HA127,KOA,HNL,N495HA,17:00:00Z,2025-02-13
125,202502132200022338981.xml,HA72,OGG,LGB,N214HA,23:30:00Z,2025-02-13
126,202502131645322336936.xml,HA158,HNL,KOA,N491HA,17:55:00Z,2025-02-13
127,202502131455502336341.xml,HA121,ITO,HNL,N489HA,17:30:00Z,2025-02-13
128,202502132045582338368.xml,HA267,KOA,HNL,N479HA,23:15:00Z,2025-02-13
129,202502130500452334564.xml,HA568,HNL,KOA,N477HA,06:10:00Z,2025-02-13
130,202502132216072339103.xml,HA549,OGG,LIH,N483HA,00:45:00Z,2025-02-14
131,202502130420572334349.xml,HA517,KOA,HNL,N478HA,05:19:00Z,2025-02-13
132,202502130140492333614.xml,HA387,KOA,HNL,N491HA,04:10:00Z,2025-02-13
133,202502131745502337369.xml,HA185,OGG,HNL,N484HA,20:10:00Z,2025-02-13
134,202502131752322337415.xml,HA339,KOA,OGG,N489HA,20:21:00Z,2025-02-13
135,202502130301042333999.xml,HA525,OGG,HNL,N492HA,05:20:00Z,2025-02-13
136,202502130945552335492.xml,HA450,KIX,HNL,N386HA,11:45:00Z,2025-02-13
137,202502130040332333255.xml,HA540,LIH,OGG,N485HA,01:50:00Z,2025-02-13
138,202502132326072339659.xml,HA540,LIH,OGG,N484HA,01:50:00Z,2025-02-14
139,202502132117342338589.xml,HA539,KOA,OGG,N491HA,22:27:00Z,2025-02-13
140,202502130149532333658.xml,HA520,LIH,KOA,N476HA,02:59:00Z,2025-02-13
141,202502132341582339780.xml,HA30,OGG,SEA,N388HA,01:20:00Z,2025-02-14
142,202502132302312339434.xml,HA457,HNL,HND,N385HA,00:55:00Z,2025-02-14
143,202502132216072339102.xml,HA334,LIH,HNL,N483HA,02:05:00Z,2025-02-14
144,202502130340042334174.xml,HA533,HNL,LIH,N480HA,04:49:00Z,2025-02-13
145,202502131451452336319.xml,HA452,SYD,HNL,N389HA,10:40:00Z,2025-02-13
146,202502130035532333216.xml,HA367,KOA,HNL,N489HA,03:05:00Z,2025-02-13
147,202502131952582338057.xml,HA1631,CVG,SBD,N4649K,21:30:00Z,2025-02-13
148,202502131408582336102.xml,HA33,LAX,OGG,N388HA,15:45:00Z,2025-02-13
149,202502132000572338102.xml,HA234,LIH,HNL,N493HA,22:23:00Z,2025-02-13
150,202502130235582333867.xml,HA504,LIH,HNL,N483HA,04:55:00Z,2025-02-13
151,202502132216242339107.xml,HA267,KOA,HNL,N478HA,23:15:00Z,2025-02-13
152,202502131651292336986.xml,HA140,LIH,OGG,N479HA,19:15:00Z,2025-02-13
153,202502131436292336242.xml,HA116,HNL,OGG,N479HA,15:36:00Z,2025-02-13
154,202502130345352334210.xml,HA504,LIH,HNL,N483HA,04:55:00Z,2025-02-13
155,202502132350302339857.xml,HA314,LIH,HNL,N495HA,01:30:00Z,2025-02-14
156,202502131432342336227.xml,HA114,LIH,HNL,N492HA,16:47:00Z,2025-02-13
157,202502132155552338951.xml,HA42,OGG,SFO,N391HA,00:00:00Z,2025-02-14
158,202502132251372339358.xml,HA314,LIH,HNL,N483HA,01:30:00Z,2025-02-14
159,202502132251372339359.xml,HA323,HNL,LIH,N483HA,00:00:00Z,2025-02-14
160,202502131305522335967.xml,HA1,LAX,HNL,N380HA,15:00:00Z,2025-02-13
161,202502131620102336802.xml,HA6,HNL,LAS,N393HA,18:05:00Z,2025-02-13
162,202502130533472334723.xml,HA4,HNL,LAX,N388HA,07:40:00Z,2025-02-13
163,202502132216242339106.xml,HA306,HNL,OGG,N483HA,23:25:00Z,2025-02-13
164,202502132145472338826.xml,HA287,KOA,HNL,N494HA,00:15:00Z,2025-02-14
165,202502130039312333252.xml,HA363,HNL,LIH,N476HA,01:45:00Z,2025-02-13
166,202502132155392338944.xml,HA2,HNL,LAX,N781HA,23:55:00Z,2025-02-13
167,202502131716062337179.xml,HA141,ITO,HNL,N494HA,18:25:00Z,2025-02-13
168,202502130230472333843.xml,HA505,OGG,HNL,N477HA,04:51:00Z,2025-02-13
169,202502132328582339674.xml,HA58,OGG,SAN,N216HA,01:10:00Z,2025-02-14
170,202502131805462337512.xml,HA140,LIH,OGG,N479HA,19:15:00Z,2025-02-13
171,202502130211062333733.xml,HA355,OGG,HNL,N485HA,03:10:00Z,2025-02-13
172,202502130055372333347.xml,HA327,KOA,HNL,N477HA,02:05:00Z,2025-02-13
173,202502131911452337867.xml,HA339,KOA,OGG,N489HA,20:21:00Z,2025-02-13
174,202502132321122339629.xml,HA1631,CVG,SBD,N4649K,21:30:00Z,2025-02-13
175,202502130225362333823.xml,HA374,LIH,HNL,N480HA,03:35:00Z,2025-02-13
176,202502131443102336261.xml,HA91,SJC,HNL,N226HA,16:40:00Z,2025-02-13
177,202502130855512335415.xml,HA822,NRT,HNL,N392HA,10:55:00Z,2025-02-13
178,202502131338222336029.xml,HA31,LAS,OGG,N214HA,15:25:00Z,2025-02-13
179,202502132347412339820.xml,HA338,HNL,KOA,N483HA,00:45:00Z,2025-02-14
180,202502130039312333251.xml,HA520,LIH,KOA,N476HA,02:59:00Z,2025-02-13
181,202502131451092336312.xml,HA107,KOA,HNL,N477HA,16:00:00Z,2025-02-13
182,202502131538292336554.xml,HA39,PDX,OGG,N217HA,17:55:00Z,2025-02-13
183,202502131027372335613.xml,HA458,HND,HNL,N373HA,12:20:00Z,2025-02-13
184,202502131756102337453.xml,HA149,OGG,LIH,N480HA,21:45:00Z,2025-02-13
185,202502132145322338820.xml,HA298,HNL,KOA,N494HA,22:55:00Z,2025-02-13
186,202502131530432336513.xml,HA145,OGG,HNL,N480HA,17:50:00Z,2025-02-13
187,202502132107432338537.xml,HA304,LIH,HNL,N476HA,01:00:00Z,2025-02-14
188,202502131611532336739.xml,HA156,HNL,OGG,N477HA,17:21:00Z,2025-02-13
189,202502130010302333099.xml,HA307,KOA,HNL,N488HA,01:20:00Z,2025-02-13
190,202502131521242336480.xml,HA128,HNL,KOA,N478HA,16:30:00Z,2025-02-13
191,202502132316002339569.xml,HA325,OGG,HNL,N495HA,01:40:00Z,2025-02-14
192,202502131605412336690.xml,HA154,LIH,HNL,N490HA,18:22:00Z,2025-02-13
193,202502132350462339862.xml,HA323,HNL,LIH,N495HA,00:00:00Z,2025-02-14
194,202502131451092336313.xml,HA105,OGG,HNL,N490HA,16:00:00Z,2025-02-13
195,202502130020392333145.xml,HA356,HNL,OGG,N492HA,01:30:00Z,2025-02-13
196,202502132355432339887.xml,HA346,HNL,OGG,N478HA,01:05:00Z,2025-02-14
197,202502131751002337405.xml,HA181,ITO,HNL,N476HA,20:25:00Z,2025-02-13
198,202502130505382334592.xml,HA563,HNL,LIH,N493HA,06:15:00Z,2025-02-13
199,202502130716232335113.xml,HA17,LAS,HNL,N393HA,09:30:00Z,2025-02-13
200,202502131737512337307.xml,HA21,SEA,HNL,N396HA,15:00:00Z,2025-02-13
201,202502130409382334290.xml,HA546,HNL,OGG,N488HA,05:19:00Z,2025-02-13
202,202502130230312333842.xml,HA506,HNL,OGG,N477HA,03:40:00Z,2025-02-13
203,202502131753192337426.xml,HA198,HNL,KOA,N489HA,19:00:00Z,2025-02-13
204,202502132316312339572.xml,HA36,HNL,PHX,N780HA,01:00:00Z,2025-02-14
205,202502132045442338364.xml,HA268,HNL,KOA,N479HA,21:55:00Z,2025-02-13
206,202502130422132334359.xml,HA517,KOA,HNL,N478HA,05:19:00Z,2025-02-13
207,202502130422132334358.xml,HA508,HNL,KOA,N478HA,03:59:00Z,2025-02-13
208,202502131823502337622.xml,HA203,HNL,LIH,N490HA,19:33:00Z,2025-02-13
209,202502130821432335349.xml,HA446,AKL,HNL,N381HA,10:30:00Z,2025-02-13
210,202502130105552333405.xml,HA510,OGG,ITO,N493HA,03:26:00Z,2025-02-13
211,202502130211062333734.xml,HA393,HNL,LIH,N487HA,03:20:00Z,2025-02-13
212,202502130535502334733.xml,HA517,KOA,HNL,N478HA,05:19:00Z,2025-02-13
213,202502131348582336043.xml,HA69,LGB,HNL,N212HA,15:40:00Z,2025-02-13
214,202502130115452333459.xml,HA373,HNL,LIH,N478HA,02:25:00Z,2025-02-13
215,202502130211222333740.xml,HA392,HNL,ITO,N494HA,03:20:00Z,2025-02-13
216,202502131553142336614.xml,HA79,ONT,HNL,N208HA,17:45:00Z,2025-02-13
217,202502132335592339728.xml,HA327,KOA,HNL,N480HA,02:05:00Z,2025-02-14
218,202502130240532333886.xml,HA1629,CVG,PDX,N4787K,05:40:00Z,2025-02-13
219,202502132203562339001.xml,HA68,LIH,OAK,N209HA,23:45:00Z,2025-02-13
220,202502131451092336314.xml,HA104,LIH,HNL,N493HA,16:00:00Z,2025-02-13
221,202502131521092336472.xml,HA134,LIH,HNL,N476HA,17:40:00Z,2025-02-13
222,202502131935502337981.xml,HA821,HNL,NRT,N375HA,21:10:00Z,2025-02-13
223,202502132210432339044.xml,HA20,HNL,SMF,N361HA,00:00:00Z,2025-02-14
224,202502132106572338530.xml,HA57,OAK,OGG,N230HA,21:30:00Z,2025-02-13
225,202502130105552333407.xml,HA391,ITO,HNL,N493HA,04:45:00Z,2025-02-13
226,202502132305522339484.xml,HA287,KOA,HNL,N494HA,00:15:00Z,2025-02-14
227,202502131530432336514.xml,HA146,HNL,OGG,N480HA,16:40:00Z,2025-02-13
228,202502131823502337621.xml,HA184,LIH,HNL,N490HA,20:43:00Z,2025-02-13
229,202502131030442335618.xml,HA452,SYD,HNL,N389HA,10:40:00Z,2025-02-13
230,202502130105552333406.xml,HA376,HNL,OGG,N493HA,02:15:00Z,2025-02-13
231,202502132309202339514.xml,HA80,HNL,ONT,N208HA,00:15:00Z,2025-02-14
232,202502131605552336691.xml,HA153,HNL,LIH,N490HA,17:15:00Z,2025-02-13
233,202502130235422333865.xml,HA503,HNL,LIH,N483HA,03:45:00Z,2025-02-13
234,202502131521092336473.xml,HA133,HNL,LIH,N476HA,16:30:00Z,2025-02-13
235,202502130320472334071.xml,HA561,ITO,HNL,N489HA,05:55:00Z,2025-02-13
236,202502131550392336601.xml,HA127,KOA,HNL,N495HA,17:00:00Z,2025-02-13
237,202502132335592339729.xml,HA338,HNL,KOA,N480HA,00:45:00Z,2025-02-14
238,202502132347412339819.xml,HA327,KOA,HNL,N483HA,02:05:00Z,2025-02-14
239,202502131103002335660.xml,HA1617,PDX,CVG,N5843K,14:00:00Z,2025-02-13
240,202502131651282336985.xml,HA165,OGG,HNL,N492HA,19:15:00Z,2025-02-13
241,202502132105552338528.xml,HA251,ITO,HNL,N490HA,23:40:00Z,2025-02-13
242,202502131840552337709.xml,HA216,HNL,OGG,N477HA,19:50:00Z,2025-02-13
243,202502132019492338219.xml,HA201,ITO,HNL,N494HA,21:29:00Z,2025-02-13
244,202502132038272338332.xml,HA8042,HNL,OGG,N391HA,22:15:00Z,2025-02-13
245,202502132030112338281.xml,HA16,HNL,SAN,N370HA,22:15:00Z,2025-02-13
246,202502130141042333617.xml,HA388,HNL,KOA,N491HA,02:50:00Z,2025-02-13
247,202502132334262339718.xml,HA48,HNL,OAK,N226HA,22:55:00Z,2025-02-13
248,202502131920492337909.xml,HA207,KOA,HNL,N483HA,21:50:00Z,2025-02-13
249,202502131955302338074.xml,HA1623,SBD,HNL,N4621K,22:00:00Z,2025-02-13
250,202502131821182337591.xml,HA197,KOA,HNL,N478HA,20:50:00Z,2025-02-13
251,202502132123492338647.xml,HA283,HNL,LIH,N477HA,22:33:00Z,2025-02-13
252,202502131956162338081.xml,HA539,KOA,OGG,N491HA,22:27:00Z,2025-02-13
253,202502132135582338738.xml,HA268,HNL,KOA,N478HA,21:55:00Z,2025-02-13
254,202502131956162338080.xml,HA258,HNL,KOA,N491HA,21:05:00Z,2025-02-13
255,202502132134562338733.xml,HA92,HNL,SJC,N205HA,23:20:00Z,2025-02-13
256,202502131717542337190.xml,HA61,LAX,KOA,N218HA,19:00:00Z,2025-02-13
257,202502131750432337403.xml,HA192,HNL,ITO,N476HA,19:00:00Z,2025-02-13
258,202502131920492337908.xml,HA238,HNL,KOA,N483HA,20:30:00Z,2025-02-13
259,202502131645482336937.xml,HA167,KOA,HNL,N491HA,19:23:00Z,2025-02-13
260,202502131603072336668.xml,HA219,ITO,OGG,N493HA,18:35:00Z,2025-02-13
261,202502130842252335390.xml,HA1613,JFK,CVG,N4649K,11:37:00Z,2025-02-13
262,202502132156242338957.xml,HA34,OGG,LAX,N388HA,23:10:00Z,2025-02-13
263,202502130330352334115.xml,HA337,KOA,HNL,N476HA,02:31:00Z,2025-02-13
264,202502130425342334386.xml,HA552,HNL,ITO,N491HA,05:35:00Z,2025-02-13
265,202502130125112333523.xml,HA62,KOA,LAX,N209HA,02:25:00Z,2025-02-13
266,202502131258382335948.xml,HA59,SMF,OGG,N213HA,15:00:00Z,2025-02-13
267,202502130321012334072.xml,HA532,HNL,ITO,N489HA,04:30:00Z,2025-02-13
268,202502132025322338253.xml,HA266,HNL,OGG,N484HA,21:35:00Z,2025-02-13
269,202502132213472339068.xml,HA287,KOA,HNL,N494HA,00:15:00Z,2025-02-14
270,202502132005402338140.xml,HA242,HNL,ITO,N495HA,21:15:00Z,2025-02-13
271,202502131700322337056.xml,HA1621,SBD,CVG,N4663K,20:00:00Z,2025-02-13
272,202502131550542336604.xml,HA1619,SMF,AFW,N5879K,18:45:00Z,2025-02-13
273,202502130409502334292.xml,HA555,OGG,HNL,N488HA,06:30:00Z,2025-02-13
274,202502131939582337996.xml,HA1622,SBD,JFK,N4787K,22:39:00Z,2025-02-13
275,202502131233362335898.xml,HA49,PDX,HNL,N379HA,15:00:00Z,2025-02-13
276,202502132311052339532.xml,HA9,LAX,HNL,N374HA,01:00:00Z,2025-02-14
277,202502132056402338437.xml,HA48,HNL,OAK,N226HA,22:55:00Z,2025-02-13
278,202502131821182337592.xml,HA164,LIH,HNL,N487HA,19:30:00Z,2025-02-13
279,202502131451252336317.xml,HA125,OGG,HNL,N488HA,17:10:00Z,2025-02-13
280,202502131459262336359.xml,HA1641,SMF,CVG,N5827K,17:45:00Z,2025-02-13
281,202502131956162338082.xml,HA297,KOA,HNL,N491HA,00:55:00Z,2025-02-14
282,202502132105392338527.xml,HA272,HNL,ITO,N490HA,22:15:00Z,2025-02-13
283,202502132348562339835.xml,HA18,HNL,LAS,N399HA,01:40:00Z,2025-02-14
284,202502131840392337706.xml,HA205,OGG,HNL,N477HA,21:10:00Z,2025-02-13
285,202502131620412336807.xml,HA121,ITO,HNL,N489HA,17:30:00Z,2025-02-13
286,202502131451252336316.xml,HA126,HNL,OGG,N488HA,16:00:00Z,2025-02-13
287,202502132053452338414.xml,HA863,HNL,HND,N381HA,22:25:00Z,2025-02-13
288,202502131821182337593.xml,HA94,HNL,AUS,N392HA,20:05:00Z,2025-02-13
289,202502132311052339533.xml,HA312,HNL,ITO,N489HA,00:20:00Z,2025-02-14
290,202502132102532338509.xml,HA459,HNL,ICN,N379HA,22:50:00Z,2025-02-13
291,202502132136162338740.xml,HA267,KOA,HNL,N478HA,23:15:00Z,2025-02-13
292,202502132345382339801.xml,HA297,KOA,HNL,N491HA,00:55:00Z,2025-02-14
293,202502132215202339094.xml,HA238,HNL,KOA,N485HA,20:30:00Z,2025-02-13
294,202502130905562335425.xml,HA864,HND,HNL,N370HA,11:05:00Z,2025-02-13
295,202502131712462337153.xml,HA152,HNL,ITO,N495HA,18:22:00Z,2025-02-13
296,202502131836492337692.xml,HA171,ITO,HNL,N495HA,19:46:00Z,2025-02-13
297,202502131345522336036.xml,HA23,OAK,OGG,N223HA,15:20:00Z,2025-02-13
298,202502131452422336323.xml,HA19,SMF,HNL,N383HA,17:15:00Z,2025-02-13
299,202502131330382336013.xml,HA51,JFK,HNL,N378HA,15:00:00Z,2025-02-13
300,202502132250522339351.xml,HA326,HNL,OGG,N487HA,00:00:00Z,2025-02-14
301,202502131507272336397.xml,HA7,LAS,HNL,N399HA,17:00:00Z,2025-02-13
302,202502132220302339143.xml,HA207,KOA,HNL,N485HA,21:50:00Z,2025-02-13
303,202502130737492335191.xml,HA1635,JFK,SBD,N4663K,10:37:00Z,2025-02-13
304,202502131603362336670.xml,HA67,OAK,LIH,N227HA,17:55:00Z,2025-02-13
305,202502132252382339370.xml,HA306,HNL,OGG,N493HA,23:25:00Z,2025-02-13
306,202502131521122336474.xml,HA137,KOA,HNL,N478HA,18:00:00Z,2025-02-13
307,202502131500462336366.xml,HA101,ITO,HNL,N491HA,16:10:00Z,2025-02-13
308,202502131941002338007.xml,HA197,KOA,HNL,N478HA,20:50:00Z,2025-02-13
309,202502132130472338716.xml,HA241,ITO,HNL,N495HA,22:40:00Z,2025-02-13
310,202502131941002338006.xml,HA214,LIH,HNL,N492HA,21:49:00Z,2025-02-13
311,202502132351322339866.xml,HA5,LAS,HNL,N393HA,01:30:00Z,2025-02-14
312,202502130502322334580.xml,HA1627,CVG,JFK,N4649K,05:40:00Z,2025-02-13
313,202502132250522339350.xml,HA530,OGG,KOA,N487HA,01:25:00Z,2025-02-14
314,202502131336182336020.xml,HA15,SAN,HNL,N382HA,15:35:00Z,2025-02-13
315,202502130211212333739.xml,HA396,HNL,OGG,N490HA,03:20:00Z,2025-02-13
316,202502131756252337457.xml,HA264,LIH,HNL,N480HA,23:01:00Z,2025-02-13
317,202502130610472334885.xml,HA1650,HNL,SBD,N4621K,09:10:00Z,2025-02-13
318,202502132324032339643.xml,HA1631,CVG,SBD,N4649K,21:30:00Z,2025-02-13
319,202502131121512335740.xml,HA89,BOS,HNL,N395HA,13:00:00Z,2025-02-13
320,202502130231182333846.xml,HA1611,CVG,SMF,N5827K,05:30:00Z,2025-02-13
321,202502132005512338144.xml,HA241,ITO,HNL,N495HA,22:40:00Z,2025-02-13
322,202502132250522339352.xml,HA337,KOA,HNL,N487HA,02:31:00Z,2025-02-14
323,202502131317442335997.xml,HA11,SFO,HNL,N391HA,15:45:00Z,2025-02-13
324,202502131231152335896.xml,HA95,SLC,HNL,N220HA,14:00:00Z,2025-02-13
325,202502131821102337586.xml,HA208,HNL,KOA,N478HA,19:30:00Z,2025-02-13
326,202502132130472338715.xml,HA449,HNL,KIX,N396HA,23:20:00Z,2025-02-13
327,202502130218072333781.xml,HA374,LIH,HNL,N480HA,03:35:00Z,2025-02-13
328,202502130218072333780.xml,HA373,HNL,LIH,N480HA,02:25:00Z,2025-02-13
329,202502131941002338005.xml,HA233,HNL,LIH,N492HA,20:40:00Z,2025-02-13
330,202502131417212336155.xml,HA65,SMF,LIH,N228HA,16:05:00Z,2025-02-13
331,202502131430522336216.xml,HA63,LAX,LIH,N209HA,16:30:00Z,2025-02-13
332,202502131436422336243.xml,HA118,HNL,KOA,N495HA,15:40:00Z,2025-02-13
